Path,Filename
/home/synrg/Documents/Sohrab/optic-disk-localization/dataset/Base31/20051109_57451_0400_PP.tif,20051109_57451_0400_PP.tif
/home/synrg/Documents/Sohrab/optic-disk-localization/dataset/Base31/20051109_57843_0400_PP.tif,20051109_57843_0400_PP.tif
/home/synrg/Documents/Sohrab/optic-disk-localization/dataset/Base31/20051109_59582_0400_PP.tif,20051109_59582_0400_PP.tif
/home/synrg/Documents/Sohrab/optic-disk-localization/dataset/Base13/Base13/20051214_57260_0100_PP.tif,20051214_57260_0100_PP.tif
/home/synrg/Documents/Sohrab/optic-disk-localization/dataset/Base13/Base13/20051214_57377_0100_PP.tif,20051214_57377_0100_PP.tif
/home/synrg/Documents/Sohrab/optic-disk-localization/dataset/Base13/Base13/20051214_57404_0100_PP.tif,20051214_57404_0100_PP.tif
/home/synrg/Documents/Sohrab/optic-disk-localization/dataset/Base13/Base13/20051214_57761_0100_PP.tif,20051214_57761_0100_PP.tif
/home/synrg/Documents/Sohrab/optic-disk-localization/dataset/Base13/Base13/20051214_57817_0100_PP.tif,20051214_57817_0100_PP.tif
/home/synrg/Documents/Sohrab/optic-disk-localization/dataset/Base13/Base13/20051214_57940_0100_PP.tif,20051214_57940_0100_PP.tif
/home/synrg/Documents/Sohrab/optic-disk-localization/dataset/Base21/20051216_43814_0200_PP.tif,20051216_43814_0200_PP.tif
/home/synrg/Documents/Sohrab/optic-disk-localization/dataset/Base21/20051216_43913_0200_PP.tif,20051216_43913_0200_PP.tif
/home/synrg/Documents/Sohrab/optic-disk-localization/dataset/Base21/20051216_44066_0200_PP.tif,20051216_44066_0200_PP.tif
/home/synrg/Documents/Sohrab/optic-disk-localization/dataset/Base21/20051216_44092_0200_PP.tif,20051216_44092_0200_PP.tif
/home/synrg/Documents/Sohrab/optic-disk-localization/dataset/Base21/20051216_44221_0200_PP.tif,20051216_44221_0200_PP.tif
/home/synrg/Documents/Sohrab/optic-disk-localization/dataset/Base21/20051216_44252_0200_PP.tif,20051216_44252_0200_PP.tif
/home/synrg/Documents/Sohrab/optic-disk-localization/dataset/Base21/20051216_44398_0200_PP.tif,20051216_44398_0200_PP.tif
/home/synrg/Documents/Sohrab/optic-disk-localization/dataset/Base21/20051216_44420_0200_PP.tif,20051216_44420_0200_PP.tif
/home/synrg/Documents/Sohrab/optic-disk-localization/dataset/Base21/20051216_44635_0200_PP.tif,20051216_44635_0200_PP.tif
/home/synrg/Documents/Sohrab/optic-disk-localization/dataset/Base21/20051216_44660_0200_PP.tif,20051216_44660_0200_PP.tif
/home/synrg/Documents/Sohrab/optic-disk-localization/dataset/Base21/20051216_44811_0200_PP.tif,20051216_44811_0200_PP.tif
/home/synrg/Documents/Sohrab/optic-disk-localization/dataset/Base21/20051216_44832_0200_PP.tif,20051216_44832_0200_PP.tif
/home/synrg/Documents/Sohrab/optic-disk-localization/dataset/Base21/20051216_44939_0200_PP.tif,20051216_44939_0200_PP.tif
/home/synrg/Documents/Sohrab/optic-disk-localization/dataset/Base21/20051216_44961_0200_PP.tif,20051216_44961_0200_PP.tif
/home/synrg/Documents/Sohrab/optic-disk-localization/dataset/Base21/20051216_45076_0200_PP.tif,20051216_45076_0200_PP.tif
/home/synrg/Documents/Sohrab/optic-disk-localization/dataset/Base21/20051216_45100_0200_PP.tif,20051216_45100_0200_PP.tif
/home/synrg/Documents/Sohrab/optic-disk-localization/dataset/Base21/20051216_45226_0200_PP.tif,20051216_45226_0200_PP.tif
/home/synrg/Documents/Sohrab/optic-disk-localization/dataset/Base21/20051216_45245_0200_PP.tif,20051216_45245_0200_PP.tif
/home/synrg/Documents/Sohrab/optic-disk-localization/dataset/Base21/20051216_45351_0200_PP.tif,20051216_45351_0200_PP.tif
/home/synrg/Documents/Sohrab/optic-disk-localization/dataset/Base21/20051216_45375_0200_PP.tif,20051216_45375_0200_PP.tif
/home/synrg/Documents/Sohrab/optic-disk-localization/dataset/Base21/20051216_45478_0200_PP.tif,20051216_45478_0200_PP.tif
/home/synrg/Documents/Sohrab/optic-disk-localization/dataset/Base21/20051216_45499_0200_PP.tif,20051216_45499_0200_PP.tif
/home/synrg/Documents/Sohrab/optic-disk-localization/dataset/Base21/20051216_45595_0200_PP.tif,20051216_45595_0200_PP.tif
/home/synrg/Documents/Sohrab/optic-disk-localization/dataset/Base21/20051216_45619_0200_PP.tif,20051216_45619_0200_PP.tif
/home/synrg/Documents/Sohrab/optic-disk-localization/dataset/Base21/20051216_45757_0200_PP.tif,20051216_45757_0200_PP.tif
/home/synrg/Documents/Sohrab/optic-disk-localization/dataset/Base21/20051216_45781_0200_PP.tif,20051216_45781_0200_PP.tif
/home/synrg/Documents/Sohrab/optic-disk-localization/dataset/Base21/20051216_45873_0200_PP.tif,20051216_45873_0200_PP.tif
/home/synrg/Documents/Sohrab/optic-disk-localization/dataset/Base21/20051216_45899_0200_PP.tif,20051216_45899_0200_PP.tif
/home/synrg/Documents/Sohrab/optic-disk-localization/dataset/Base21/20051216_45992_0200_PP.tif,20051216_45992_0200_PP.tif
/home/synrg/Documents/Sohrab/optic-disk-localization/dataset/Base21/20051216_46018_0200_PP.tif,20051216_46018_0200_PP.tif
/home/synrg/Documents/Sohrab/optic-disk-localization/dataset/Base21/20051216_46156_0200_PP.tif,20051216_46156_0200_PP.tif
/home/synrg/Documents/Sohrab/optic-disk-localization/dataset/Base21/20051216_46183_0200_PP.tif,20051216_46183_0200_PP.tif
/home/synrg/Documents/Sohrab/optic-disk-localization/dataset/Base21/20051216_46624_0200_PP.tif,20051216_46624_0200_PP.tif
/home/synrg/Documents/Sohrab/optic-disk-localization/dataset/Base21/20051216_46660_0200_PP.tif,20051216_46660_0200_PP.tif
/home/synrg/Documents/Sohrab/optic-disk-localization/dataset/Base21/20051216_46827_0200_PP.tif,20051216_46827_0200_PP.tif
/home/synrg/Documents/Sohrab/optic-disk-localization/dataset/Base21/20051216_46847_0200_PP.tif,20051216_46847_0200_PP.tif
/home/synrg/Documents/Sohrab/optic-disk-localization/dataset/Base21/20051216_47000_0200_PP.tif,20051216_47000_0200_PP.tif
/home/synrg/Documents/Sohrab/optic-disk-localization/dataset/Base21/20051216_47024_0200_PP.tif,20051216_47024_0200_PP.tif
/home/synrg/Documents/Sohrab/optic-disk-localization/dataset/Base21/20051216_47383_0200_PP.tif,20051216_47383_0200_PP.tif
/home/synrg/Documents/Sohrab/optic-disk-localization/dataset/Base21/20051216_47420_0200_PP.tif,20051216_47420_0200_PP.tif
/home/synrg/Documents/Sohrab/optic-disk-localization/dataset/Base21/20051216_47514_0200_PP.tif,20051216_47514_0200_PP.tif
/home/synrg/Documents/Sohrab/optic-disk-localization/dataset/Base21/20051216_47536_0200_PP.tif,20051216_47536_0200_PP.tif
/home/synrg/Documents/Sohrab/optic-disk-localization/dataset/Base21/20051216_47668_0200_PP.tif,20051216_47668_0200_PP.tif
/home/synrg/Documents/Sohrab/optic-disk-localization/dataset/Base21/20051216_47703_0200_PP.tif,20051216_47703_0200_PP.tif
/home/synrg/Documents/Sohrab/optic-disk-localization/dataset/Base21/20060119_41191_0200_PP.tif,20060119_41191_0200_PP.tif
/home/synrg/Documents/Sohrab/optic-disk-localization/dataset/Base21/20060407_38711_0200_PP.tif,20060407_38711_0200_PP.tif
/home/synrg/Documents/Sohrab/optic-disk-localization/dataset/Base21/20060407_38970_0200_PP.tif,20060407_38970_0200_PP.tif
/home/synrg/Documents/Sohrab/optic-disk-localization/dataset/Base21/20060407_39155_0200_PP.tif,20060407_39155_0200_PP.tif
/home/synrg/Documents/Sohrab/optic-disk-localization/dataset/Base21/20060407_39184_0200_PP.tif,20060407_39184_0200_PP.tif
/home/synrg/Documents/Sohrab/optic-disk-localization/dataset/Base21/20060407_39306_0200_PP.tif,20060407_39306_0200_PP.tif
/home/synrg/Documents/Sohrab/optic-disk-localization/dataset/Base21/20060407_39328_0200_PP.tif,20060407_39328_0200_PP.tif
/home/synrg/Documents/Sohrab/optic-disk-localization/dataset/Base21/20060407_39402_0200_PP.tif,20060407_39402_0200_PP.tif
/home/synrg/Documents/Sohrab/optic-disk-localization/dataset/Base21/20060407_39435_0200_PP.tif,20060407_39435_0200_PP.tif
/home/synrg/Documents/Sohrab/optic-disk-localization/dataset/Base21/20060407_39546_0200_PP.tif,20060407_39546_0200_PP.tif
/home/synrg/Documents/Sohrab/optic-disk-localization/dataset/Base21/20060407_39567_0200_PP.tif,20060407_39567_0200_PP.tif
/home/synrg/Documents/Sohrab/optic-disk-localization/dataset/Base21/20060407_39667_0200_PP.tif,20060407_39667_0200_PP.tif
/home/synrg/Documents/Sohrab/optic-disk-localization/dataset/Base21/20060407_39687_0200_PP.tif,20060407_39687_0200_PP.tif
/home/synrg/Documents/Sohrab/optic-disk-localization/dataset/Base21/20060407_39761_0200_PP.tif,20060407_39761_0200_PP.tif
/home/synrg/Documents/Sohrab/optic-disk-localization/dataset/Base21/20060407_39780_0200_PP.tif,20060407_39780_0200_PP.tif
/home/synrg/Documents/Sohrab/optic-disk-localization/dataset/Base21/20060407_40582_0200_PP.tif,20060407_40582_0200_PP.tif
/home/synrg/Documents/Sohrab/optic-disk-localization/dataset/Base21/20060407_40624_0200_PP.tif,20060407_40624_0200_PP.tif
/home/synrg/Documents/Sohrab/optic-disk-localization/dataset/Base21/20060407_40740_0200_PP.tif,20060407_40740_0200_PP.tif
/home/synrg/Documents/Sohrab/optic-disk-localization/dataset/Base21/20060407_40761_0200_PP.tif,20060407_40761_0200_PP.tif
/home/synrg/Documents/Sohrab/optic-disk-localization/dataset/Base21/20060407_40937_0200_PP.tif,20060407_40937_0200_PP.tif
/home/synrg/Documents/Sohrab/optic-disk-localization/dataset/Base21/20060407_40957_0200_PP.tif,20060407_40957_0200_PP.tif
/home/synrg/Documents/Sohrab/optic-disk-localization/dataset/Base21/20060407_41149_0200_PP.tif,20060407_41149_0200_PP.tif
/home/synrg/Documents/Sohrab/optic-disk-localization/dataset/Base21/20060407_41177_0200_PP.tif,20060407_41177_0200_PP.tif
/home/synrg/Documents/Sohrab/optic-disk-localization/dataset/Base21/20060407_41312_0200_PP.tif,20060407_41312_0200_PP.tif
/home/synrg/Documents/Sohrab/optic-disk-localization/dataset/Base21/20060407_41330_0200_PP.tif,20060407_41330_0200_PP.tif
/home/synrg/Documents/Sohrab/optic-disk-localization/dataset/Base21/20060407_41809_0200_PP.tif,20060407_41809_0200_PP.tif
/home/synrg/Documents/Sohrab/optic-disk-localization/dataset/Base21/20060407_41831_0200_PP.tif,20060407_41831_0200_PP.tif
/home/synrg/Documents/Sohrab/optic-disk-localization/dataset/Base21/20060407_41937_0200_PP.tif,20060407_41937_0200_PP.tif
/home/synrg/Documents/Sohrab/optic-disk-localization/dataset/Base21/20060407_41980_0200_PP.tif,20060407_41980_0200_PP.tif
/home/synrg/Documents/Sohrab/optic-disk-localization/dataset/Base21/20060407_42099_0200_PP.tif,20060407_42099_0200_PP.tif
/home/synrg/Documents/Sohrab/optic-disk-localization/dataset/Base21/20060407_42133_0200_PP.tif,20060407_42133_0200_PP.tif
/home/synrg/Documents/Sohrab/optic-disk-localization/dataset/Base21/20060407_42290_0200_PP.tif,20060407_42290_0200_PP.tif
/home/synrg/Documents/Sohrab/optic-disk-localization/dataset/Base21/20060407_42308_0200_PP.tif,20060407_42308_0200_PP.tif
/home/synrg/Documents/Sohrab/optic-disk-localization/dataset/Base21/20060407_43223_0200_PP.tif,20060407_43223_0200_PP.tif
/home/synrg/Documents/Sohrab/optic-disk-localization/dataset/Base21/20060407_43258_0200_PP.tif,20060407_43258_0200_PP.tif
/home/synrg/Documents/Sohrab/optic-disk-localization/dataset/Base21/20060407_43436_0200_PP.tif,20060407_43436_0200_PP.tif
/home/synrg/Documents/Sohrab/optic-disk-localization/dataset/Base21/20060407_43460_0200_PP.tif,20060407_43460_0200_PP.tif
/home/synrg/Documents/Sohrab/optic-disk-localization/dataset/Base21/20060407_43594_0200_PP.tif,20060407_43594_0200_PP.tif
/home/synrg/Documents/Sohrab/optic-disk-localization/dataset/Base21/20060407_43618_0200_PP.tif,20060407_43618_0200_PP.tif
/home/synrg/Documents/Sohrab/optic-disk-localization/dataset/Base21/20060407_43726_0200_PP.tif,20060407_43726_0200_PP.tif
/home/synrg/Documents/Sohrab/optic-disk-localization/dataset/Base21/20060407_43746_0200_PP.tif,20060407_43746_0200_PP.tif
/home/synrg/Documents/Sohrab/optic-disk-localization/dataset/Base21/20060407_43834_0200_PP.tif,20060407_43834_0200_PP.tif
/home/synrg/Documents/Sohrab/optic-disk-localization/dataset/Base21/20060407_43856_0200_PP.tif,20060407_43856_0200_PP.tif
/home/synrg/Documents/Sohrab/optic-disk-localization/dataset/Base21/20060407_44042_0200_PP.tif,20060407_44042_0200_PP.tif
/home/synrg/Documents/Sohrab/optic-disk-localization/dataset/Base21/20060407_44061_0200_PP.tif,20060407_44061_0200_PP.tif
/home/synrg/Documents/Sohrab/optic-disk-localization/dataset/Base21/20060407_44173_0200_PP.tif,20060407_44173_0200_PP.tif
/home/synrg/Documents/Sohrab/optic-disk-localization/dataset/Base21/20060407_44192_0200_PP.tif,20060407_44192_0200_PP.tif
/home/synrg/Documents/Sohrab/optic-disk-localization/dataset/Base21/20060407_44285_0200_PP.tif,20060407_44285_0200_PP.tif
/home/synrg/Documents/Sohrab/optic-disk-localization/dataset/Base21/20060407_44304_0200_PP.tif,20060407_44304_0200_PP.tif
/home/synrg/Documents/Sohrab/optic-disk-localization/dataset/Base21/20060407_44400_0200_PP.tif,20060407_44400_0200_PP.tif
/home/synrg/Documents/Sohrab/optic-disk-localization/dataset/Base21/20060407_44422_0200_PP.tif,20060407_44422_0200_PP.tif
/home/synrg/Documents/Sohrab/optic-disk-localization/dataset/Base21/20060407_44510_0200_PP.tif,20060407_44510_0200_PP.tif
/home/synrg/Documents/Sohrab/optic-disk-localization/dataset/Base21/20060407_44529_0200_PP.tif,20060407_44529_0200_PP.tif
/home/synrg/Documents/Sohrab/optic-disk-localization/dataset/Base21/20060407_44617_0200_PP.tif,20060407_44617_0200_PP.tif
/home/synrg/Documents/Sohrab/optic-disk-localization/dataset/Base21/20060407_44636_0200_PP.tif,20060407_44636_0200_PP.tif
/home/synrg/Documents/Sohrab/optic-disk-localization/dataset/Base21/20060407_44743_0200_PP.tif,20060407_44743_0200_PP.tif
/home/synrg/Documents/Sohrab/optic-disk-localization/dataset/Base22/20060407_44766_0200_PP.tif,20060407_44766_0200_PP.tif
/home/synrg/Documents/Sohrab/optic-disk-localization/dataset/Base22/20060407_44866_0200_PP.tif,20060407_44866_0200_PP.tif
/home/synrg/Documents/Sohrab/optic-disk-localization/dataset/Base22/20060407_44889_0200_PP.tif,20060407_44889_0200_PP.tif
/home/synrg/Documents/Sohrab/optic-disk-localization/dataset/Base22/20060407_45087_0200_PP.tif,20060407_45087_0200_PP.tif
/home/synrg/Documents/Sohrab/optic-disk-localization/dataset/Base22/20060407_45107_0200_PP.tif,20060407_45107_0200_PP.tif
/home/synrg/Documents/Sohrab/optic-disk-localization/dataset/Base22/20060407_45230_0200_PP.tif,20060407_45230_0200_PP.tif
/home/synrg/Documents/Sohrab/optic-disk-localization/dataset/Base22/20060407_45247_0200_PP.tif,20060407_45247_0200_PP.tif
/home/synrg/Documents/Sohrab/optic-disk-localization/dataset/Base22/20060407_45362_0200_PP.tif,20060407_45362_0200_PP.tif
/home/synrg/Documents/Sohrab/optic-disk-localization/dataset/Base22/20060407_45379_0200_PP.tif,20060407_45379_0200_PP.tif
/home/synrg/Documents/Sohrab/optic-disk-localization/dataset/Base22/20060407_45477_0200_PP.tif,20060407_45477_0200_PP.tif
/home/synrg/Documents/Sohrab/optic-disk-localization/dataset/Base22/20060407_45494_0200_PP.tif,20060407_45494_0200_PP.tif
/home/synrg/Documents/Sohrab/optic-disk-localization/dataset/Base22/20060407_45592_0200_PP.tif,20060407_45592_0200_PP.tif
/home/synrg/Documents/Sohrab/optic-disk-localization/dataset/Base22/20060407_45611_0200_PP.tif,20060407_45611_0200_PP.tif
/home/synrg/Documents/Sohrab/optic-disk-localization/dataset/Base22/20060407_45718_0200_PP.tif,20060407_45718_0200_PP.tif
/home/synrg/Documents/Sohrab/optic-disk-localization/dataset/Base22/20060407_45737_0200_PP.tif,20060407_45737_0200_PP.tif
/home/synrg/Documents/Sohrab/optic-disk-localization/dataset/Base22/20060407_45834_0200_PP.tif,20060407_45834_0200_PP.tif
/home/synrg/Documents/Sohrab/optic-disk-localization/dataset/Base22/20060407_45852_0200_PP.tif,20060407_45852_0200_PP.tif
/home/synrg/Documents/Sohrab/optic-disk-localization/dataset/Base22/20060407_45932_0200_PP.tif,20060407_45932_0200_PP.tif
/home/synrg/Documents/Sohrab/optic-disk-localization/dataset/Base22/20060407_45949_0200_PP.tif,20060407_45949_0200_PP.tif
/home/synrg/Documents/Sohrab/optic-disk-localization/dataset/Base22/20060407_46050_0200_PP.tif,20060407_46050_0200_PP.tif
/home/synrg/Documents/Sohrab/optic-disk-localization/dataset/Base22/20060407_46070_0200_PP.tif,20060407_46070_0200_PP.tif
/home/synrg/Documents/Sohrab/optic-disk-localization/dataset/Base22/20060407_46235_0200_PP.tif,20060407_46235_0200_PP.tif
/home/synrg/Documents/Sohrab/optic-disk-localization/dataset/Base22/20060407_46257_0200_PP.tif,20060407_46257_0200_PP.tif
/home/synrg/Documents/Sohrab/optic-disk-localization/dataset/Base22/20060407_46394_0200_PP.tif,20060407_46394_0200_PP.tif
/home/synrg/Documents/Sohrab/optic-disk-localization/dataset/Base22/20060407_46422_0200_PP.tif,20060407_46422_0200_PP.tif
/home/synrg/Documents/Sohrab/optic-disk-localization/dataset/Base22/20060410_39047_0200_PP.tif,20060410_39047_0200_PP.tif
/home/synrg/Documents/Sohrab/optic-disk-localization/dataset/Base22/20060410_39075_0200_PP.tif,20060410_39075_0200_PP.tif
/home/synrg/Documents/Sohrab/optic-disk-localization/dataset/Base22/20060410_39203_0200_PP.tif,20060410_39203_0200_PP.tif
/home/synrg/Documents/Sohrab/optic-disk-localization/dataset/Base22/20060410_39229_0200_PP.tif,20060410_39229_0200_PP.tif
/home/synrg/Documents/Sohrab/optic-disk-localization/dataset/Base22/20060410_39334_0200_PP.tif,20060410_39334_0200_PP.tif
/home/synrg/Documents/Sohrab/optic-disk-localization/dataset/Base22/20060410_39355_0200_PP.tif,20060410_39355_0200_PP.tif
/home/synrg/Documents/Sohrab/optic-disk-localization/dataset/Base22/20060410_39476_0200_PP.tif,20060410_39476_0200_PP.tif
/home/synrg/Documents/Sohrab/optic-disk-localization/dataset/Base22/20060410_39500_0200_PP.tif,20060410_39500_0200_PP.tif
/home/synrg/Documents/Sohrab/optic-disk-localization/dataset/Base22/20060410_39586_0200_PP.tif,20060410_39586_0200_PP.tif
/home/synrg/Documents/Sohrab/optic-disk-localization/dataset/Base22/20060410_39606_0200_PP.tif,20060410_39606_0200_PP.tif
/home/synrg/Documents/Sohrab/optic-disk-localization/dataset/Base22/20060410_39695_0200_PP.tif,20060410_39695_0200_PP.tif
/home/synrg/Documents/Sohrab/optic-disk-localization/dataset/Base22/20060410_39726_0200_PP.tif,20060410_39726_0200_PP.tif
/home/synrg/Documents/Sohrab/optic-disk-localization/dataset/Base22/20060410_39859_0200_PP.tif,20060410_39859_0200_PP.tif
/home/synrg/Documents/Sohrab/optic-disk-localization/dataset/Base22/20060410_39879_0200_PP.tif,20060410_39879_0200_PP.tif
/home/synrg/Documents/Sohrab/optic-disk-localization/dataset/Base22/20060410_39976_0200_PP.tif,20060410_39976_0200_PP.tif
/home/synrg/Documents/Sohrab/optic-disk-localization/dataset/Base22/20060410_39994_0200_PP.tif,20060410_39994_0200_PP.tif
/home/synrg/Documents/Sohrab/optic-disk-localization/dataset/Base22/20060410_40146_0200_PP.tif,20060410_40146_0200_PP.tif
/home/synrg/Documents/Sohrab/optic-disk-localization/dataset/Base22/20060410_40165_0200_PP.tif,20060410_40165_0200_PP.tif
/home/synrg/Documents/Sohrab/optic-disk-localization/dataset/Base22/20060410_40254_0200_PP.tif,20060410_40254_0200_PP.tif
/home/synrg/Documents/Sohrab/optic-disk-localization/dataset/Base22/20060410_40274_0200_PP.tif,20060410_40274_0200_PP.tif
/home/synrg/Documents/Sohrab/optic-disk-localization/dataset/Base22/20060410_40381_0200_PP.tif,20060410_40381_0200_PP.tif
/home/synrg/Documents/Sohrab/optic-disk-localization/dataset/Base22/20060410_40403_0200_PP.tif,20060410_40403_0200_PP.tif
/home/synrg/Documents/Sohrab/optic-disk-localization/dataset/Base22/20060410_40481_0200_PP.tif,20060410_40481_0200_PP.tif
/home/synrg/Documents/Sohrab/optic-disk-localization/dataset/Base22/20060410_40499_0200_PP.tif,20060410_40499_0200_PP.tif
/home/synrg/Documents/Sohrab/optic-disk-localization/dataset/Base22/20060410_40605_0200_PP.tif,20060410_40605_0200_PP.tif
/home/synrg/Documents/Sohrab/optic-disk-localization/dataset/Base22/20060410_40633_0200_PP.tif,20060410_40633_0200_PP.tif
/home/synrg/Documents/Sohrab/optic-disk-localization/dataset/Base22/20060410_40830_0200_PP.tif,20060410_40830_0200_PP.tif
/home/synrg/Documents/Sohrab/optic-disk-localization/dataset/Base22/20060410_40846_0200_PP.tif,20060410_40846_0200_PP.tif
/home/synrg/Documents/Sohrab/optic-disk-localization/dataset/Base22/20060410_40953_0200_PP.tif,20060410_40953_0200_PP.tif
/home/synrg/Documents/Sohrab/optic-disk-localization/dataset/Base22/20060410_40979_0200_PP.tif,20060410_40979_0200_PP.tif
/home/synrg/Documents/Sohrab/optic-disk-localization/dataset/Base22/20060410_41077_0200_PP.tif,20060410_41077_0200_PP.tif
/home/synrg/Documents/Sohrab/optic-disk-localization/dataset/Base22/20060410_41098_0200_PP.tif,20060410_41098_0200_PP.tif
/home/synrg/Documents/Sohrab/optic-disk-localization/dataset/Base22/20060410_41191_0200_PP.tif,20060410_41191_0200_PP.tif
/home/synrg/Documents/Sohrab/optic-disk-localization/dataset/Base22/20060410_41209_0200_PP.tif,20060410_41209_0200_PP.tif
/home/synrg/Documents/Sohrab/optic-disk-localization/dataset/Base22/20060410_41330_0200_PP.tif,20060410_41330_0200_PP.tif
/home/synrg/Documents/Sohrab/optic-disk-localization/dataset/Base22/20060410_41356_0200_PP.tif,20060410_41356_0200_PP.tif
/home/synrg/Documents/Sohrab/optic-disk-localization/dataset/Base22/20060410_41603_0200_PP.tif,20060410_41603_0200_PP.tif
/home/synrg/Documents/Sohrab/optic-disk-localization/dataset/Base22/20060410_41626_0200_PP.tif,20060410_41626_0200_PP.tif
/home/synrg/Documents/Sohrab/optic-disk-localization/dataset/Base22/20060410_41747_0200_PP.tif,20060410_41747_0200_PP.tif
/home/synrg/Documents/Sohrab/optic-disk-localization/dataset/Base22/20060410_41767_0200_PP.tif,20060410_41767_0200_PP.tif
/home/synrg/Documents/Sohrab/optic-disk-localization/dataset/Base22/20060410_41880_0200_PP.tif,20060410_41880_0200_PP.tif
/home/synrg/Documents/Sohrab/optic-disk-localization/dataset/Base22/20060410_41901_0200_PP.tif,20060410_41901_0200_PP.tif
/home/synrg/Documents/Sohrab/optic-disk-localization/dataset/Base22/20060410_43675_0200_PP.tif,20060410_43675_0200_PP.tif
/home/synrg/Documents/Sohrab/optic-disk-localization/dataset/Base22/20060410_43698_0200_PP.tif,20060410_43698_0200_PP.tif
/home/synrg/Documents/Sohrab/optic-disk-localization/dataset/Base22/20060410_43847_0200_PP.tif,20060410_43847_0200_PP.tif
/home/synrg/Documents/Sohrab/optic-disk-localization/dataset/Base22/20060410_43868_0200_PP.tif,20060410_43868_0200_PP.tif
/home/synrg/Documents/Sohrab/optic-disk-localization/dataset/Base22/20060410_43959_0200_PP.tif,20060410_43959_0200_PP.tif
/home/synrg/Documents/Sohrab/optic-disk-localization/dataset/Base22/20060410_43979_0200_PP.tif,20060410_43979_0200_PP.tif
/home/synrg/Documents/Sohrab/optic-disk-localization/dataset/Base22/20060410_44106_0200_PP.tif,20060410_44106_0200_PP.tif
/home/synrg/Documents/Sohrab/optic-disk-localization/dataset/Base22/20060410_44124_0200_PP.tif,20060410_44124_0200_PP.tif
/home/synrg/Documents/Sohrab/optic-disk-localization/dataset/Base22/20060410_44224_0200_PP.tif,20060410_44224_0200_PP.tif
/home/synrg/Documents/Sohrab/optic-disk-localization/dataset/Base22/20060410_44248_0200_PP.tif,20060410_44248_0200_PP.tif
/home/synrg/Documents/Sohrab/optic-disk-localization/dataset/Base22/20060410_44345_0200_PP.tif,20060410_44345_0200_PP.tif
/home/synrg/Documents/Sohrab/optic-disk-localization/dataset/Base22/20060410_44364_0200_PP.tif,20060410_44364_0200_PP.tif
/home/synrg/Documents/Sohrab/optic-disk-localization/dataset/Base22/20060410_44464_0200_PP.tif,20060410_44464_0200_PP.tif
/home/synrg/Documents/Sohrab/optic-disk-localization/dataset/Base22/20060410_44504_0200_PP.tif,20060410_44504_0200_PP.tif
/home/synrg/Documents/Sohrab/optic-disk-localization/dataset/Base22/20060410_44601_0200_PP.tif,20060410_44601_0200_PP.tif
/home/synrg/Documents/Sohrab/optic-disk-localization/dataset/Base22/20060410_44623_0200_PP.tif,20060410_44623_0200_PP.tif
/home/synrg/Documents/Sohrab/optic-disk-localization/dataset/Base22/20060410_44770_0200_PP.tif,20060410_44770_0200_PP.tif
/home/synrg/Documents/Sohrab/optic-disk-localization/dataset/Base22/20060410_44802_0200_PP.tif,20060410_44802_0200_PP.tif
/home/synrg/Documents/Sohrab/optic-disk-localization/dataset/Base22/20060410_44934_0200_PP.tif,20060410_44934_0200_PP.tif
/home/synrg/Documents/Sohrab/optic-disk-localization/dataset/Base22/20060410_44953_0200_PP.tif,20060410_44953_0200_PP.tif
/home/synrg/Documents/Sohrab/optic-disk-localization/dataset/Base22/20060410_45167_0200_PP.tif,20060410_45167_0200_PP.tif
/home/synrg/Documents/Sohrab/optic-disk-localization/dataset/Base22/20060410_45188_0200_PP.tif,20060410_45188_0200_PP.tif
/home/synrg/Documents/Sohrab/optic-disk-localization/dataset/Base22/20060410_46874_0200_PP.tif,20060410_46874_0200_PP.tif
/home/synrg/Documents/Sohrab/optic-disk-localization/dataset/Base22/20060410_46893_0200_PP.tif,20060410_46893_0200_PP.tif
/home/synrg/Documents/Sohrab/optic-disk-localization/dataset/Base22/20060410_47016_0200_PP.tif,20060410_47016_0200_PP.tif
/home/synrg/Documents/Sohrab/optic-disk-localization/dataset/Base22/20060410_47042_0200_PP.tif,20060410_47042_0200_PP.tif
/home/synrg/Documents/Sohrab/optic-disk-localization/dataset/Base22/20060410_47166_0200_PP.tif,20060410_47166_0200_PP.tif
/home/synrg/Documents/Sohrab/optic-disk-localization/dataset/Base22/20060410_47186_0200_PP.tif,20060410_47186_0200_PP.tif
/home/synrg/Documents/Sohrab/optic-disk-localization/dataset/Base22/20060410_47331_0200_PP.tif,20060410_47331_0200_PP.tif
/home/synrg/Documents/Sohrab/optic-disk-localization/dataset/Base22/20060410_47351_0200_PP.tif,20060410_47351_0200_PP.tif
/home/synrg/Documents/Sohrab/optic-disk-localization/dataset/Base22/20060411_51958_0200_PP.tif,20060411_51958_0200_PP.tif
/home/synrg/Documents/Sohrab/optic-disk-localization/dataset/Base22/20060411_51985_0200_PP.tif,20060411_51985_0200_PP.tif
/home/synrg/Documents/Sohrab/optic-disk-localization/dataset/Base22/20060411_57853_0200_PP.tif,20060411_57853_0200_PP.tif
/home/synrg/Documents/Sohrab/optic-disk-localization/dataset/Base23/20060411_57879_0200_PP.tif,20060411_57879_0200_PP.tif
/home/synrg/Documents/Sohrab/optic-disk-localization/dataset/Base23/20060411_57962_0200_PP.tif,20060411_57962_0200_PP.tif
/home/synrg/Documents/Sohrab/optic-disk-localization/dataset/Base23/20060411_57986_0200_PP.tif,20060411_57986_0200_PP.tif
/home/synrg/Documents/Sohrab/optic-disk-localization/dataset/Base23/20060411_58051_0200_PP.tif,20060411_58051_0200_PP.tif
/home/synrg/Documents/Sohrab/optic-disk-localization/dataset/Base23/20060411_58071_0200_PP.tif,20060411_58071_0200_PP.tif
/home/synrg/Documents/Sohrab/optic-disk-localization/dataset/Base23/20060411_58134_0200_PP.tif,20060411_58134_0200_PP.tif
/home/synrg/Documents/Sohrab/optic-disk-localization/dataset/Base23/20060411_58155_0200_PP.tif,20060411_58155_0200_PP.tif
/home/synrg/Documents/Sohrab/optic-disk-localization/dataset/Base23/20060411_58221_0200_PP.tif,20060411_58221_0200_PP.tif
/home/synrg/Documents/Sohrab/optic-disk-localization/dataset/Base23/20060411_58238_0200_PP.tif,20060411_58238_0200_PP.tif
/home/synrg/Documents/Sohrab/optic-disk-localization/dataset/Base23/20060411_58303_0200_PP.tif,20060411_58303_0200_PP.tif
/home/synrg/Documents/Sohrab/optic-disk-localization/dataset/Base23/20060411_58328_0200_PP.tif,20060411_58328_0200_PP.tif
/home/synrg/Documents/Sohrab/optic-disk-localization/dataset/Base23/20060411_58392_0200_PP.tif,20060411_58392_0200_PP.tif
/home/synrg/Documents/Sohrab/optic-disk-localization/dataset/Base23/20060411_58413_0200_PP.tif,20060411_58413_0200_PP.tif
/home/synrg/Documents/Sohrab/optic-disk-localization/dataset/Base23/20060411_58469_0200_PP.tif,20060411_58469_0200_PP.tif
/home/synrg/Documents/Sohrab/optic-disk-localization/dataset/Base23/20060411_58494_0200_PP.tif,20060411_58494_0200_PP.tif
/home/synrg/Documents/Sohrab/optic-disk-localization/dataset/Base23/20060411_58550_0200_PP.tif,20060411_58550_0200_PP.tif
/home/synrg/Documents/Sohrab/optic-disk-localization/dataset/Base23/20060411_58571_0200_PP.tif,20060411_58571_0200_PP.tif
/home/synrg/Documents/Sohrab/optic-disk-localization/dataset/Base23/20060411_58624_0200_PP.tif,20060411_58624_0200_PP.tif
/home/synrg/Documents/Sohrab/optic-disk-localization/dataset/Base23/20060411_58644_0200_PP.tif,20060411_58644_0200_PP.tif
/home/synrg/Documents/Sohrab/optic-disk-localization/dataset/Base23/20060411_58718_0200_PP.tif,20060411_58718_0200_PP.tif
/home/synrg/Documents/Sohrab/optic-disk-localization/dataset/Base23/20060411_58736_0200_PP.tif,20060411_58736_0200_PP.tif
/home/synrg/Documents/Sohrab/optic-disk-localization/dataset/Base23/20060411_58808_0200_PP.tif,20060411_58808_0200_PP.tif
/home/synrg/Documents/Sohrab/optic-disk-localization/dataset/Base23/20060411_58829_0200_PP.tif,20060411_58829_0200_PP.tif
/home/synrg/Documents/Sohrab/optic-disk-localization/dataset/Base23/20060411_58891_0200_PP.tif,20060411_58891_0200_PP.tif
/home/synrg/Documents/Sohrab/optic-disk-localization/dataset/Base23/20060411_58913_0200_PP.tif,20060411_58913_0200_PP.tif
/home/synrg/Documents/Sohrab/optic-disk-localization/dataset/Base23/20060411_58971_0200_PP.tif,20060411_58971_0200_PP.tif
/home/synrg/Documents/Sohrab/optic-disk-localization/dataset/Base23/20060411_58993_0200_PP.tif,20060411_58993_0200_PP.tif
/home/synrg/Documents/Sohrab/optic-disk-localization/dataset/Base23/20060411_59062_0200_PP.tif,20060411_59062_0200_PP.tif
/home/synrg/Documents/Sohrab/optic-disk-localization/dataset/Base23/20060411_59087_0200_PP.tif,20060411_59087_0200_PP.tif
/home/synrg/Documents/Sohrab/optic-disk-localization/dataset/Base23/20060411_59176_0200_PP.tif,20060411_59176_0200_PP.tif
/home/synrg/Documents/Sohrab/optic-disk-localization/dataset/Base23/20060411_59190_0200_PP.tif,20060411_59190_0200_PP.tif
/home/synrg/Documents/Sohrab/optic-disk-localization/dataset/Base23/20060411_59549_0200_PP.tif,20060411_59549_0200_PP.tif
/home/synrg/Documents/Sohrab/optic-disk-localization/dataset/Base23/20060411_59587_0200_PP.tif,20060411_59587_0200_PP.tif
/home/synrg/Documents/Sohrab/optic-disk-localization/dataset/Base23/20060411_59638_0200_PP.tif,20060411_59638_0200_PP.tif
/home/synrg/Documents/Sohrab/optic-disk-localization/dataset/Base23/20060411_59657_0200_PP.tif,20060411_59657_0200_PP.tif
/home/synrg/Documents/Sohrab/optic-disk-localization/dataset/Base23/20060411_59728_0200_PP.tif,20060411_59728_0200_PP.tif
/home/synrg/Documents/Sohrab/optic-disk-localization/dataset/Base23/20060411_59747_0200_PP.tif,20060411_59747_0200_PP.tif
/home/synrg/Documents/Sohrab/optic-disk-localization/dataset/Base23/20060411_59812_0200_PP.tif,20060411_59812_0200_PP.tif
/home/synrg/Documents/Sohrab/optic-disk-localization/dataset/Base23/20060411_59859_0200_PP.tif,20060411_59859_0200_PP.tif
/home/synrg/Documents/Sohrab/optic-disk-localization/dataset/Base23/20060411_59919_0200_PP.tif,20060411_59919_0200_PP.tif
/home/synrg/Documents/Sohrab/optic-disk-localization/dataset/Base23/20060411_59941_0200_PP.tif,20060411_59941_0200_PP.tif
/home/synrg/Documents/Sohrab/optic-disk-localization/dataset/Base23/20060411_60009_0200_PP.tif,20060411_60009_0200_PP.tif
/home/synrg/Documents/Sohrab/optic-disk-localization/dataset/Base23/20060411_60028_0200_PP.tif,20060411_60028_0200_PP.tif
/home/synrg/Documents/Sohrab/optic-disk-localization/dataset/Base23/20060411_60263_0200_PP.tif,20060411_60263_0200_PP.tif
/home/synrg/Documents/Sohrab/optic-disk-localization/dataset/Base23/20060411_60283_0200_PP.tif,20060411_60283_0200_PP.tif
/home/synrg/Documents/Sohrab/optic-disk-localization/dataset/Base23/20060411_60347_0200_PP.tif,20060411_60347_0200_PP.tif
/home/synrg/Documents/Sohrab/optic-disk-localization/dataset/Base23/20060411_60368_0200_PP.tif,20060411_60368_0200_PP.tif
/home/synrg/Documents/Sohrab/optic-disk-localization/dataset/Base23/20060411_60426_0200_PP.tif,20060411_60426_0200_PP.tif
/home/synrg/Documents/Sohrab/optic-disk-localization/dataset/Base23/20060411_60446_0200_PP.tif,20060411_60446_0200_PP.tif
/home/synrg/Documents/Sohrab/optic-disk-localization/dataset/Base23/20060411_60511_0200_PP.tif,20060411_60511_0200_PP.tif
/home/synrg/Documents/Sohrab/optic-disk-localization/dataset/Base23/20060411_60533_0200_PP.tif,20060411_60533_0200_PP.tif
/home/synrg/Documents/Sohrab/optic-disk-localization/dataset/Base23/20060411_61029_0200_PP.tif,20060411_61029_0200_PP.tif
/home/synrg/Documents/Sohrab/optic-disk-localization/dataset/Base23/20060411_61060_0200_PP.tif,20060411_61060_0200_PP.tif
/home/synrg/Documents/Sohrab/optic-disk-localization/dataset/Base23/20060411_61196_0200_PP.tif,20060411_61196_0200_PP.tif
/home/synrg/Documents/Sohrab/optic-disk-localization/dataset/Base23/20060411_61214_0200_PP.tif,20060411_61214_0200_PP.tif
/home/synrg/Documents/Sohrab/optic-disk-localization/dataset/Base23/20060411_61402_0200_PP.tif,20060411_61402_0200_PP.tif
/home/synrg/Documents/Sohrab/optic-disk-localization/dataset/Base23/20060411_61419_0200_PP.tif,20060411_61419_0200_PP.tif
/home/synrg/Documents/Sohrab/optic-disk-localization/dataset/Base23/20060411_61478_0200_PP.tif,20060411_61478_0200_PP.tif
/home/synrg/Documents/Sohrab/optic-disk-localization/dataset/Base23/20060411_61494_0200_PP.tif,20060411_61494_0200_PP.tif
/home/synrg/Documents/Sohrab/optic-disk-localization/dataset/Base23/20060411_61548_0200_PP.tif,20060411_61548_0200_PP.tif
/home/synrg/Documents/Sohrab/optic-disk-localization/dataset/Base23/20060411_61564_0200_PP.tif,20060411_61564_0200_PP.tif
/home/synrg/Documents/Sohrab/optic-disk-localization/dataset/Base23/20060411_61624_0200_PP.tif,20060411_61624_0200_PP.tif
/home/synrg/Documents/Sohrab/optic-disk-localization/dataset/Base23/20060411_61641_0200_PP.tif,20060411_61641_0200_PP.tif
/home/synrg/Documents/Sohrab/optic-disk-localization/dataset/Base23/20060411_61687_0200_PP.tif,20060411_61687_0200_PP.tif
/home/synrg/Documents/Sohrab/optic-disk-localization/dataset/Base23/20060411_61702_0200_PP.tif,20060411_61702_0200_PP.tif
/home/synrg/Documents/Sohrab/optic-disk-localization/dataset/Base23/20060411_61781_0200_PP.tif,20060411_61781_0200_PP.tif
/home/synrg/Documents/Sohrab/optic-disk-localization/dataset/Base23/20060411_61808_0200_PP.tif,20060411_61808_0200_PP.tif
/home/synrg/Documents/Sohrab/optic-disk-localization/dataset/Base23/20060411_61869_0200_PP.tif,20060411_61869_0200_PP.tif
/home/synrg/Documents/Sohrab/optic-disk-localization/dataset/Base23/20060411_61901_0200_PP.tif,20060411_61901_0200_PP.tif
/home/synrg/Documents/Sohrab/optic-disk-localization/dataset/Base23/20060411_61952_0200_PP.tif,20060411_61952_0200_PP.tif
/home/synrg/Documents/Sohrab/optic-disk-localization/dataset/Base23/20060411_61979_0200_PP.tif,20060411_61979_0200_PP.tif
/home/synrg/Documents/Sohrab/optic-disk-localization/dataset/Base23/20060411_62036_0200_PP.tif,20060411_62036_0200_PP.tif
/home/synrg/Documents/Sohrab/optic-disk-localization/dataset/Base23/20060411_62058_0200_PP.tif,20060411_62058_0200_PP.tif
/home/synrg/Documents/Sohrab/optic-disk-localization/dataset/Base23/20060411_62142_0200_PP.tif,20060411_62142_0200_PP.tif
/home/synrg/Documents/Sohrab/optic-disk-localization/dataset/Base23/20060411_62162_0200_PP.tif,20060411_62162_0200_PP.tif
/home/synrg/Documents/Sohrab/optic-disk-localization/dataset/Base23/20060411_62228_0200_PP.tif,20060411_62228_0200_PP.tif
/home/synrg/Documents/Sohrab/optic-disk-localization/dataset/Base23/20060411_62250_0200_PP.tif,20060411_62250_0200_PP.tif
/home/synrg/Documents/Sohrab/optic-disk-localization/dataset/Base23/20060411_62298_0200_PP.tif,20060411_62298_0200_PP.tif
/home/synrg/Documents/Sohrab/optic-disk-localization/dataset/Base23/20060411_62319_0200_PP.tif,20060411_62319_0200_PP.tif
/home/synrg/Documents/Sohrab/optic-disk-localization/dataset/Base23/20060411_62373_0200_PP.tif,20060411_62373_0200_PP.tif
/home/synrg/Documents/Sohrab/optic-disk-localization/dataset/Base23/20060411_62390_0200_PP.tif,20060411_62390_0200_PP.tif
/home/synrg/Documents/Sohrab/optic-disk-localization/dataset/Base23/20060412_51656_0200_PP.tif,20060412_51656_0200_PP.tif
/home/synrg/Documents/Sohrab/optic-disk-localization/dataset/Base23/20060412_51677_0200_PP.tif,20060412_51677_0200_PP.tif
/home/synrg/Documents/Sohrab/optic-disk-localization/dataset/Base23/20060412_51746_0200_PP.tif,20060412_51746_0200_PP.tif
/home/synrg/Documents/Sohrab/optic-disk-localization/dataset/Base23/20060412_51775_0200_PP.tif,20060412_51775_0200_PP.tif
/home/synrg/Documents/Sohrab/optic-disk-localization/dataset/Base23/20060412_51835_0200_PP.tif,20060412_51835_0200_PP.tif
/home/synrg/Documents/Sohrab/optic-disk-localization/dataset/Base23/20060412_51860_0200_PP.tif,20060412_51860_0200_PP.tif
/home/synrg/Documents/Sohrab/optic-disk-localization/dataset/Base23/20060412_51932_0200_PP.tif,20060412_51932_0200_PP.tif
/home/synrg/Documents/Sohrab/optic-disk-localization/dataset/Base23/20060412_51952_0200_PP.tif,20060412_51952_0200_PP.tif
/home/synrg/Documents/Sohrab/optic-disk-localization/dataset/Base23/20060412_52020_0200_PP.tif,20060412_52020_0200_PP.tif
/home/synrg/Documents/Sohrab/optic-disk-localization/dataset/Base23/20060412_52038_0200_PP.tif,20060412_52038_0200_PP.tif
/home/synrg/Documents/Sohrab/optic-disk-localization/dataset/Base23/20060412_52098_0200_PP.tif,20060412_52098_0200_PP.tif
/home/synrg/Documents/Sohrab/optic-disk-localization/dataset/Base23/20060412_52122_0200_PP.tif,20060412_52122_0200_PP.tif
/home/synrg/Documents/Sohrab/optic-disk-localization/dataset/Base23/20060412_52174_0200_PP.tif,20060412_52174_0200_PP.tif
/home/synrg/Documents/Sohrab/optic-disk-localization/dataset/Base23/20060412_52194_0200_PP.tif,20060412_52194_0200_PP.tif
/home/synrg/Documents/Sohrab/optic-disk-localization/dataset/Base23/20060412_52245_0200_PP.tif,20060412_52245_0200_PP.tif
/home/synrg/Documents/Sohrab/optic-disk-localization/dataset/Base23/20060412_52271_0200_PP.tif,20060412_52271_0200_PP.tif
/home/synrg/Documents/Sohrab/optic-disk-localization/dataset/Base23/20060412_52351_0200_PP.tif,20060412_52351_0200_PP.tif
/home/synrg/Documents/Sohrab/optic-disk-localization/dataset/Base23/20060412_52371_0200_PP.tif,20060412_52371_0200_PP.tif
/home/synrg/Documents/Sohrab/optic-disk-localization/dataset/Base23/20060412_52425_0200_PP.tif,20060412_52425_0200_PP.tif
/home/synrg/Documents/Sohrab/optic-disk-localization/dataset/Base24/20060412_52446_0200_PP.tif,20060412_52446_0200_PP.tif
/home/synrg/Documents/Sohrab/optic-disk-localization/dataset/Base24/20060412_52497_0200_PP.tif,20060412_52497_0200_PP.tif
/home/synrg/Documents/Sohrab/optic-disk-localization/dataset/Base24/20060412_52520_0200_PP.tif,20060412_52520_0200_PP.tif
/home/synrg/Documents/Sohrab/optic-disk-localization/dataset/Base24/20060412_52587_0200_PP.tif,20060412_52587_0200_PP.tif
/home/synrg/Documents/Sohrab/optic-disk-localization/dataset/Base24/20060412_52606_0200_PP.tif,20060412_52606_0200_PP.tif
/home/synrg/Documents/Sohrab/optic-disk-localization/dataset/Base24/20060412_52668_0200_PP.tif,20060412_52668_0200_PP.tif
/home/synrg/Documents/Sohrab/optic-disk-localization/dataset/Base24/20060412_52685_0200_PP.tif,20060412_52685_0200_PP.tif
/home/synrg/Documents/Sohrab/optic-disk-localization/dataset/Base24/20060412_52758_0200_PP.tif,20060412_52758_0200_PP.tif
/home/synrg/Documents/Sohrab/optic-disk-localization/dataset/Base24/20060412_52777_0200_PP.tif,20060412_52777_0200_PP.tif
/home/synrg/Documents/Sohrab/optic-disk-localization/dataset/Base24/20060412_52840_0200_PP.tif,20060412_52840_0200_PP.tif
/home/synrg/Documents/Sohrab/optic-disk-localization/dataset/Base24/20060412_52860_0200_PP.tif,20060412_52860_0200_PP.tif
/home/synrg/Documents/Sohrab/optic-disk-localization/dataset/Base24/20060412_52910_0200_PP.tif,20060412_52910_0200_PP.tif
/home/synrg/Documents/Sohrab/optic-disk-localization/dataset/Base24/20060412_52931_0200_PP.tif,20060412_52931_0200_PP.tif
/home/synrg/Documents/Sohrab/optic-disk-localization/dataset/Base24/20060412_52978_0200_PP.tif,20060412_52978_0200_PP.tif
/home/synrg/Documents/Sohrab/optic-disk-localization/dataset/Base24/20060412_52997_0200_PP.tif,20060412_52997_0200_PP.tif
/home/synrg/Documents/Sohrab/optic-disk-localization/dataset/Base24/20060412_53045_0200_PP.tif,20060412_53045_0200_PP.tif
/home/synrg/Documents/Sohrab/optic-disk-localization/dataset/Base24/20060412_57650_0200_PP.tif,20060412_57650_0200_PP.tif
/home/synrg/Documents/Sohrab/optic-disk-localization/dataset/Base24/20060412_57680_0200_PP.tif,20060412_57680_0200_PP.tif
/home/synrg/Documents/Sohrab/optic-disk-localization/dataset/Base24/20060412_57846_0200_PP.tif,20060412_57846_0200_PP.tif
/home/synrg/Documents/Sohrab/optic-disk-localization/dataset/Base24/20060412_57874_0200_PP.tif,20060412_57874_0200_PP.tif
/home/synrg/Documents/Sohrab/optic-disk-localization/dataset/Base24/20060412_57952_0200_PP.tif,20060412_57952_0200_PP.tif
/home/synrg/Documents/Sohrab/optic-disk-localization/dataset/Base24/20060412_57974_0200_PP.tif,20060412_57974_0200_PP.tif
/home/synrg/Documents/Sohrab/optic-disk-localization/dataset/Base24/20060412_58032_0200_PP.tif,20060412_58032_0200_PP.tif
/home/synrg/Documents/Sohrab/optic-disk-localization/dataset/Base24/20060412_58054_0200_PP.tif,20060412_58054_0200_PP.tif
/home/synrg/Documents/Sohrab/optic-disk-localization/dataset/Base24/20060412_58137_0200_PP.tif,20060412_58137_0200_PP.tif
/home/synrg/Documents/Sohrab/optic-disk-localization/dataset/Base24/20060412_58171_0200_PP.tif,20060412_58171_0200_PP.tif
/home/synrg/Documents/Sohrab/optic-disk-localization/dataset/Base24/20060412_58287_0200_PP.tif,20060412_58287_0200_PP.tif
/home/synrg/Documents/Sohrab/optic-disk-localization/dataset/Base24/20060412_58314_0200_PP.tif,20060412_58314_0200_PP.tif
/home/synrg/Documents/Sohrab/optic-disk-localization/dataset/Base24/20060412_58368_0200_PP.tif,20060412_58368_0200_PP.tif
/home/synrg/Documents/Sohrab/optic-disk-localization/dataset/Base24/20060412_58387_0200_PP.tif,20060412_58387_0200_PP.tif
/home/synrg/Documents/Sohrab/optic-disk-localization/dataset/Base24/20060412_58471_0200_PP.tif,20060412_58471_0200_PP.tif
/home/synrg/Documents/Sohrab/optic-disk-localization/dataset/Base24/20060412_58497_0200_PP.tif,20060412_58497_0200_PP.tif
/home/synrg/Documents/Sohrab/optic-disk-localization/dataset/Base24/20060412_58548_0200_PP.tif,20060412_58548_0200_PP.tif
/home/synrg/Documents/Sohrab/optic-disk-localization/dataset/Base24/20060412_58563_0200_PP.tif,20060412_58563_0200_PP.tif
/home/synrg/Documents/Sohrab/optic-disk-localization/dataset/Base24/20060412_58638_0200_PP.tif,20060412_58638_0200_PP.tif
/home/synrg/Documents/Sohrab/optic-disk-localization/dataset/Base24/20060412_58668_0200_PP.tif,20060412_58668_0200_PP.tif
/home/synrg/Documents/Sohrab/optic-disk-localization/dataset/Base24/20060412_58723_0200_PP.tif,20060412_58723_0200_PP.tif
/home/synrg/Documents/Sohrab/optic-disk-localization/dataset/Base24/20060412_58747_0200_PP.tif,20060412_58747_0200_PP.tif
/home/synrg/Documents/Sohrab/optic-disk-localization/dataset/Base24/20060412_58802_0200_PP.tif,20060412_58802_0200_PP.tif
/home/synrg/Documents/Sohrab/optic-disk-localization/dataset/Base24/20060412_58819_0200_PP.tif,20060412_58819_0200_PP.tif
/home/synrg/Documents/Sohrab/optic-disk-localization/dataset/Base24/20060412_58869_0200_PP.tif,20060412_58869_0200_PP.tif
/home/synrg/Documents/Sohrab/optic-disk-localization/dataset/Base24/20060412_58889_0200_PP.tif,20060412_58889_0200_PP.tif
/home/synrg/Documents/Sohrab/optic-disk-localization/dataset/Base24/20060412_58945_0200_PP.tif,20060412_58945_0200_PP.tif
/home/synrg/Documents/Sohrab/optic-disk-localization/dataset/Base24/20060412_58965_0200_PP.tif,20060412_58965_0200_PP.tif
/home/synrg/Documents/Sohrab/optic-disk-localization/dataset/Base24/20060412_59012_0200_PP.tif,20060412_59012_0200_PP.tif
/home/synrg/Documents/Sohrab/optic-disk-localization/dataset/Base24/20060412_59037_0200_PP.tif,20060412_59037_0200_PP.tif
/home/synrg/Documents/Sohrab/optic-disk-localization/dataset/Base24/20060412_59100_0200_PP.tif,20060412_59100_0200_PP.tif
/home/synrg/Documents/Sohrab/optic-disk-localization/dataset/Base24/20060412_59124_0200_PP.tif,20060412_59124_0200_PP.tif
/home/synrg/Documents/Sohrab/optic-disk-localization/dataset/Base24/20060412_59175_0200_PP.tif,20060412_59175_0200_PP.tif
/home/synrg/Documents/Sohrab/optic-disk-localization/dataset/Base24/20060412_59196_0200_PP.tif,20060412_59196_0200_PP.tif
/home/synrg/Documents/Sohrab/optic-disk-localization/dataset/Base24/20060412_59242_0200_PP.tif,20060412_59242_0200_PP.tif
/home/synrg/Documents/Sohrab/optic-disk-localization/dataset/Base24/20060412_59259_0200_PP.tif,20060412_59259_0200_PP.tif
/home/synrg/Documents/Sohrab/optic-disk-localization/dataset/Base24/20060412_59338_0200_PP.tif,20060412_59338_0200_PP.tif
/home/synrg/Documents/Sohrab/optic-disk-localization/dataset/Base24/20060412_59355_0200_PP.tif,20060412_59355_0200_PP.tif
/home/synrg/Documents/Sohrab/optic-disk-localization/dataset/Base24/20060412_59400_0200_PP.tif,20060412_59400_0200_PP.tif
/home/synrg/Documents/Sohrab/optic-disk-localization/dataset/Base24/20060412_59423_0200_PP.tif,20060412_59423_0200_PP.tif
/home/synrg/Documents/Sohrab/optic-disk-localization/dataset/Base24/20060412_59636_0200_PP.tif,20060412_59636_0200_PP.tif
/home/synrg/Documents/Sohrab/optic-disk-localization/dataset/Base24/20060412_59658_0200_PP.tif,20060412_59658_0200_PP.tif
/home/synrg/Documents/Sohrab/optic-disk-localization/dataset/Base24/20060412_59717_0200_PP.tif,20060412_59717_0200_PP.tif
/home/synrg/Documents/Sohrab/optic-disk-localization/dataset/Base24/20060412_59735_0200_PP.tif,20060412_59735_0200_PP.tif
/home/synrg/Documents/Sohrab/optic-disk-localization/dataset/Base24/20060412_60337_0200_PP.tif,20060412_60337_0200_PP.tif
/home/synrg/Documents/Sohrab/optic-disk-localization/dataset/Base24/20060412_60396_0200_PP.tif,20060412_60396_0200_PP.tif
/home/synrg/Documents/Sohrab/optic-disk-localization/dataset/Base24/20060412_60454_0200_PP.tif,20060412_60454_0200_PP.tif
/home/synrg/Documents/Sohrab/optic-disk-localization/dataset/Base24/20060412_60475_0200_PP.tif,20060412_60475_0200_PP.tif
/home/synrg/Documents/Sohrab/optic-disk-localization/dataset/Base24/20060412_60545_0200_PP.tif,20060412_60545_0200_PP.tif
/home/synrg/Documents/Sohrab/optic-disk-localization/dataset/Base24/20060412_60573_0200_PP.tif,20060412_60573_0200_PP.tif
/home/synrg/Documents/Sohrab/optic-disk-localization/dataset/Base24/20060412_60751_0200_PP.tif,20060412_60751_0200_PP.tif
/home/synrg/Documents/Sohrab/optic-disk-localization/dataset/Base24/20060412_60773_0200_PP.tif,20060412_60773_0200_PP.tif
/home/synrg/Documents/Sohrab/optic-disk-localization/dataset/Base24/20060412_60825_0200_PP.tif,20060412_60825_0200_PP.tif
/home/synrg/Documents/Sohrab/optic-disk-localization/dataset/Base24/20060412_60845_0200_PP.tif,20060412_60845_0200_PP.tif
/home/synrg/Documents/Sohrab/optic-disk-localization/dataset/Base24/20060412_60895_0200_PP.tif,20060412_60895_0200_PP.tif
/home/synrg/Documents/Sohrab/optic-disk-localization/dataset/Base24/20060412_60913_0200_PP.tif,20060412_60913_0200_PP.tif
/home/synrg/Documents/Sohrab/optic-disk-localization/dataset/Base24/20060412_60978_0200_PP.tif,20060412_60978_0200_PP.tif
/home/synrg/Documents/Sohrab/optic-disk-localization/dataset/Base24/20060412_61000_0200_PP.tif,20060412_61000_0200_PP.tif
/home/synrg/Documents/Sohrab/optic-disk-localization/dataset/Base24/20060412_61064_0200_PP.tif,20060412_61064_0200_PP.tif
/home/synrg/Documents/Sohrab/optic-disk-localization/dataset/Base24/20060412_61081_0200_PP.tif,20060412_61081_0200_PP.tif
/home/synrg/Documents/Sohrab/optic-disk-localization/dataset/Base24/20060412_61151_0200_PP.tif,20060412_61151_0200_PP.tif
/home/synrg/Documents/Sohrab/optic-disk-localization/dataset/Base24/20060412_61169_0200_PP.tif,20060412_61169_0200_PP.tif
/home/synrg/Documents/Sohrab/optic-disk-localization/dataset/Base24/20060412_61222_0200_PP.tif,20060412_61222_0200_PP.tif
/home/synrg/Documents/Sohrab/optic-disk-localization/dataset/Base24/20060412_61251_0200_PP.tif,20060412_61251_0200_PP.tif
/home/synrg/Documents/Sohrab/optic-disk-localization/dataset/Base24/20060412_61299_0200_PP.tif,20060412_61299_0200_PP.tif
/home/synrg/Documents/Sohrab/optic-disk-localization/dataset/Base24/20060412_61316_0200_PP.tif,20060412_61316_0200_PP.tif
/home/synrg/Documents/Sohrab/optic-disk-localization/dataset/Base24/20060412_61365_0200_PP.tif,20060412_61365_0200_PP.tif
/home/synrg/Documents/Sohrab/optic-disk-localization/dataset/Base24/20060412_61383_0200_PP.tif,20060412_61383_0200_PP.tif
/home/synrg/Documents/Sohrab/optic-disk-localization/dataset/Base24/20060412_61433_0200_PP.tif,20060412_61433_0200_PP.tif
/home/synrg/Documents/Sohrab/optic-disk-localization/dataset/Base24/20060412_61450_0200_PP.tif,20060412_61450_0200_PP.tif
/home/synrg/Documents/Sohrab/optic-disk-localization/dataset/Base24/20060412_61501_0200_PP.tif,20060412_61501_0200_PP.tif
/home/synrg/Documents/Sohrab/optic-disk-localization/dataset/Base24/20060412_61525_0200_PP.tif,20060412_61525_0200_PP.tif
/home/synrg/Documents/Sohrab/optic-disk-localization/dataset/Base24/20060412_61593_0200_PP.tif,20060412_61593_0200_PP.tif
/home/synrg/Documents/Sohrab/optic-disk-localization/dataset/Base24/20060412_61615_0200_PP.tif,20060412_61615_0200_PP.tif
/home/synrg/Documents/Sohrab/optic-disk-localization/dataset/Base24/20060412_61665_0200_PP.tif,20060412_61665_0200_PP.tif
/home/synrg/Documents/Sohrab/optic-disk-localization/dataset/Base24/20060412_61681_0200_PP.tif,20060412_61681_0200_PP.tif
/home/synrg/Documents/Sohrab/optic-disk-localization/dataset/Base24/20060412_61790_0200_PP.tif,20060412_61790_0200_PP.tif
/home/synrg/Documents/Sohrab/optic-disk-localization/dataset/Base24/20060412_61808_0200_PP.tif,20060412_61808_0200_PP.tif
/home/synrg/Documents/Sohrab/optic-disk-localization/dataset/Base24/20060412_62936_0200_PP.tif,20060412_62936_0200_PP.tif
/home/synrg/Documents/Sohrab/optic-disk-localization/dataset/Base24/20060412_62960_0200_PP.tif,20060412_62960_0200_PP.tif
/home/synrg/Documents/Sohrab/optic-disk-localization/dataset/Base24/20060412_63009_0200_PP.tif,20060412_63009_0200_PP.tif
/home/synrg/Documents/Sohrab/optic-disk-localization/dataset/Base24/20060412_63032_0200_PP.tif,20060412_63032_0200_PP.tif
/home/synrg/Documents/Sohrab/optic-disk-localization/dataset/Base24/20060412_63088_0200_PP.tif,20060412_63088_0200_PP.tif
/home/synrg/Documents/Sohrab/optic-disk-localization/dataset/Base24/20060412_63104_0200_PP.tif,20060412_63104_0200_PP.tif
/home/synrg/Documents/Sohrab/optic-disk-localization/dataset/Base13/Base13/20060522_43643_0100_PP.tif,20060522_43643_0100_PP.tif
/home/synrg/Documents/Sohrab/optic-disk-localization/dataset/Base13/Base13/20060522_43758_0100_PP.tif,20060522_43758_0100_PP.tif
/home/synrg/Documents/Sohrab/optic-disk-localization/dataset/Base13/Base13/20060522_45069_0100_PP.tif,20060522_45069_0100_PP.tif
/home/synrg/Documents/Sohrab/optic-disk-localization/dataset/Base13/Base13/20060522_45111_0100_PP.tif,20060522_45111_0100_PP.tif
/home/synrg/Documents/Sohrab/optic-disk-localization/dataset/Base13/Base13/20060522_45212_0100_PP.tif,20060522_45212_0100_PP.tif
/home/synrg/Documents/Sohrab/optic-disk-localization/dataset/Base13/Base13/20060522_45248_0100_PP.tif,20060522_45248_0100_PP.tif
/home/synrg/Documents/Sohrab/optic-disk-localization/dataset/Base13/Base13/20060522_45402_0100_PP.tif,20060522_45402_0100_PP.tif
/home/synrg/Documents/Sohrab/optic-disk-localization/dataset/Base13/Base13/20060522_45455_0100_PP.tif,20060522_45455_0100_PP.tif
/home/synrg/Documents/Sohrab/optic-disk-localization/dataset/Base13/Base13/20060522_45541_0100_PP.tif,20060522_45541_0100_PP.tif
/home/synrg/Documents/Sohrab/optic-disk-localization/dataset/Base13/Base13/20060522_45583_0100_PP.tif,20060522_45583_0100_PP.tif
/home/synrg/Documents/Sohrab/optic-disk-localization/dataset/Base13/Base13/20060522_45691_0100_PP.tif,20060522_45691_0100_PP.tif
/home/synrg/Documents/Sohrab/optic-disk-localization/dataset/Base13/Base13/20060522_45718_0100_PP.tif,20060522_45718_0100_PP.tif
/home/synrg/Documents/Sohrab/optic-disk-localization/dataset/Base13/Base13/20060522_45777_0100_PP.tif,20060522_45777_0100_PP.tif
/home/synrg/Documents/Sohrab/optic-disk-localization/dataset/Base13/Base13/20060522_45796_0100_PP.tif,20060522_45796_0100_PP.tif
/home/synrg/Documents/Sohrab/optic-disk-localization/dataset/Base13/Base13/20060522_45853_0100_PP.tif,20060522_45853_0100_PP.tif
/home/synrg/Documents/Sohrab/optic-disk-localization/dataset/Base13/Base13/20060522_45873_0100_PP.tif,20060522_45873_0100_PP.tif
/home/synrg/Documents/Sohrab/optic-disk-localization/dataset/Base13/Base13/20060522_45935_0100_PP.tif,20060522_45935_0100_PP.tif
/home/synrg/Documents/Sohrab/optic-disk-localization/dataset/Base13/Base13/20060522_45967_0100_PP.tif,20060522_45967_0100_PP.tif
/home/synrg/Documents/Sohrab/optic-disk-localization/dataset/Base13/Base13/20060522_46104_0100_PP.tif,20060522_46104_0100_PP.tif
/home/synrg/Documents/Sohrab/optic-disk-localization/dataset/Base13/Base13/20060522_46149_0100_PP.tif,20060522_46149_0100_PP.tif
/home/synrg/Documents/Sohrab/optic-disk-localization/dataset/Base13/Base13/20060522_46266_0100_PP.tif,20060522_46266_0100_PP.tif
/home/synrg/Documents/Sohrab/optic-disk-localization/dataset/Base13/Base13/20060522_46379_0100_PP.tif,20060522_46379_0100_PP.tif
/home/synrg/Documents/Sohrab/optic-disk-localization/dataset/Base13/Base13/20060522_46400_0100_PP.tif,20060522_46400_0100_PP.tif
/home/synrg/Documents/Sohrab/optic-disk-localization/dataset/Base13/Base13/20060522_46454_0100_PP.tif,20060522_46454_0100_PP.tif
/home/synrg/Documents/Sohrab/optic-disk-localization/dataset/Base13/Base13/20060523_42953_0100_PP.tif,20060523_42953_0100_PP.tif
/home/synrg/Documents/Sohrab/optic-disk-localization/dataset/Base13/Base13/20060523_43016_0100_PP.tif,20060523_43016_0100_PP.tif
/home/synrg/Documents/Sohrab/optic-disk-localization/dataset/Base13/Base13/20060523_43038_0100_PP.tif,20060523_43038_0100_PP.tif
/home/synrg/Documents/Sohrab/optic-disk-localization/dataset/Base13/Base13/20060523_43105_0100_PP.tif,20060523_43105_0100_PP.tif
/home/synrg/Documents/Sohrab/optic-disk-localization/dataset/Base13/Base13/20060523_43123_0100_PP.tif,20060523_43123_0100_PP.tif
/home/synrg/Documents/Sohrab/optic-disk-localization/dataset/Base13/Base13/20060523_43174_0100_PP.tif,20060523_43174_0100_PP.tif
/home/synrg/Documents/Sohrab/optic-disk-localization/dataset/Base13/Base13/20060523_43196_0100_PP.tif,20060523_43196_0100_PP.tif
/home/synrg/Documents/Sohrab/optic-disk-localization/dataset/Base13/Base13/20060523_43248_0100_PP.tif,20060523_43248_0100_PP.tif
/home/synrg/Documents/Sohrab/optic-disk-localization/dataset/Base13/Base13/20060523_43267_0100_PP.tif,20060523_43267_0100_PP.tif
/home/synrg/Documents/Sohrab/optic-disk-localization/dataset/Base13/Base13/20060523_43333_0100_PP.tif,20060523_43333_0100_PP.tif
/home/synrg/Documents/Sohrab/optic-disk-localization/dataset/Base13/Base13/20060523_43354_0100_PP.tif,20060523_43354_0100_PP.tif
/home/synrg/Documents/Sohrab/optic-disk-localization/dataset/Base13/Base13/20060523_45216_0100_PP.tif,20060523_45216_0100_PP.tif
/home/synrg/Documents/Sohrab/optic-disk-localization/dataset/Base13/Base13/20060523_45235_0100_PP.tif,20060523_45235_0100_PP.tif
/home/synrg/Documents/Sohrab/optic-disk-localization/dataset/Base13/Base13/20060523_45300_0100_PP.tif,20060523_45300_0100_PP.tif
/home/synrg/Documents/Sohrab/optic-disk-localization/dataset/Base13/Base13/20060523_45316_0100_PP.tif,20060523_45316_0100_PP.tif
/home/synrg/Documents/Sohrab/optic-disk-localization/dataset/Base13/Base13/20060523_45369_0100_PP.tif,20060523_45369_0100_PP.tif
/home/synrg/Documents/Sohrab/optic-disk-localization/dataset/Base13/Base13/20060523_45389_0100_PP.tif,20060523_45389_0100_PP.tif
/home/synrg/Documents/Sohrab/optic-disk-localization/dataset/Base13/Base13/20060523_45449_0100_PP.tif,20060523_45449_0100_PP.tif
/home/synrg/Documents/Sohrab/optic-disk-localization/dataset/Base13/Base13/20060523_45467_0100_PP.tif,20060523_45467_0100_PP.tif
/home/synrg/Documents/Sohrab/optic-disk-localization/dataset/Base13/Base13/20060523_45524_0100_PP.tif,20060523_45524_0100_PP.tif
/home/synrg/Documents/Sohrab/optic-disk-localization/dataset/Base13/Base13/20060523_45548_0100_PP.tif,20060523_45548_0100_PP.tif
/home/synrg/Documents/Sohrab/optic-disk-localization/dataset/Base13/Base13/20060523_45662_0100_PP.tif,20060523_45662_0100_PP.tif
/home/synrg/Documents/Sohrab/optic-disk-localization/dataset/Base13/Base13/20060523_45697_0100_PP.tif,20060523_45697_0100_PP.tif
/home/synrg/Documents/Sohrab/optic-disk-localization/dataset/Base13/Base13/20060523_45787_0100_PP.tif,20060523_45787_0100_PP.tif
/home/synrg/Documents/Sohrab/optic-disk-localization/dataset/Base13/Base13/20060523_45812_0100_PP.tif,20060523_45812_0100_PP.tif
/home/synrg/Documents/Sohrab/optic-disk-localization/dataset/Base13/Base13/20060523_47987_0100_PP.tif,20060523_47987_0100_PP.tif
/home/synrg/Documents/Sohrab/optic-disk-localization/dataset/Base13/Base13/20060523_48005_0100_PP.tif,20060523_48005_0100_PP.tif
/home/synrg/Documents/Sohrab/optic-disk-localization/dataset/Base13/Base13/20060523_48028_0100_PP.tif,20060523_48028_0100_PP.tif
/home/synrg/Documents/Sohrab/optic-disk-localization/dataset/Base13/Base13/20060523_48102_0100_PP.tif,20060523_48102_0100_PP.tif
/home/synrg/Documents/Sohrab/optic-disk-localization/dataset/Base13/Base13/20060523_48136_0100_PP.tif,20060523_48136_0100_PP.tif
/home/synrg/Documents/Sohrab/optic-disk-localization/dataset/Base13/Base13/20060523_48161_0100_PP.tif,20060523_48161_0100_PP.tif
/home/synrg/Documents/Sohrab/optic-disk-localization/dataset/Base13/Base13/20060523_48182_0100_PP.tif,20060523_48182_0100_PP.tif
/home/synrg/Documents/Sohrab/optic-disk-localization/dataset/Base13/Base13/20060523_48199_0100_PP.tif,20060523_48199_0100_PP.tif
/home/synrg/Documents/Sohrab/optic-disk-localization/dataset/Base13/Base13/20060523_48357_0100_PP.tif,20060523_48357_0100_PP.tif
/home/synrg/Documents/Sohrab/optic-disk-localization/dataset/Base13/Base13/20060523_48406_0100_PP.tif,20060523_48406_0100_PP.tif
/home/synrg/Documents/Sohrab/optic-disk-localization/dataset/Base13/Base13/20060523_48425_0100_PP.tif,20060523_48425_0100_PP.tif
/home/synrg/Documents/Sohrab/optic-disk-localization/dataset/Base13/Base13/20060523_48477_0100_PP.tif,20060523_48477_0100_PP.tif
/home/synrg/Documents/Sohrab/optic-disk-localization/dataset/Base13/Base13/20060523_48499_0100_PP.tif,20060523_48499_0100_PP.tif
/home/synrg/Documents/Sohrab/optic-disk-localization/dataset/Base13/Base13/20060523_48572_0100_PP.tif,20060523_48572_0100_PP.tif
/home/synrg/Documents/Sohrab/optic-disk-localization/dataset/Base13/Base13/20060523_48591_0100_PP.tif,20060523_48591_0100_PP.tif
/home/synrg/Documents/Sohrab/optic-disk-localization/dataset/Base13/Base13/20060523_48643_0100_PP.tif,20060523_48643_0100_PP.tif
/home/synrg/Documents/Sohrab/optic-disk-localization/dataset/Base13/Base13/20060523_48659_0100_PP.tif,20060523_48659_0100_PP.tif
/home/synrg/Documents/Sohrab/optic-disk-localization/dataset/Base13/Base13/20060523_48709_0100_PP.tif,20060523_48709_0100_PP.tif
/home/synrg/Documents/Sohrab/optic-disk-localization/dataset/Base13/Base13/20060523_48728_0100_PP.tif,20060523_48728_0100_PP.tif
/home/synrg/Documents/Sohrab/optic-disk-localization/dataset/Base13/Base13/20060523_48787_0100_PP.tif,20060523_48787_0100_PP.tif
/home/synrg/Documents/Sohrab/optic-disk-localization/dataset/Base13/Base13/20060523_48816_0100_PP.tif,20060523_48816_0100_PP.tif
/home/synrg/Documents/Sohrab/optic-disk-localization/dataset/Base13/Base13/20060523_48890_0100_PP.tif,20060523_48890_0100_PP.tif
/home/synrg/Documents/Sohrab/optic-disk-localization/dataset/Base13/Base13/20060523_48931_0100_PP.tif,20060523_48931_0100_PP.tif
/home/synrg/Documents/Sohrab/optic-disk-localization/dataset/Base13/Base13/20060523_48990_0100_PP.tif,20060523_48990_0100_PP.tif
/home/synrg/Documents/Sohrab/optic-disk-localization/dataset/Base13/Base13/20060523_49010_0100_PP.tif,20060523_49010_0100_PP.tif
/home/synrg/Documents/Sohrab/optic-disk-localization/dataset/Base13/Base13/20060523_49100_0100_PP.tif,20060523_49100_0100_PP.tif
/home/synrg/Documents/Sohrab/optic-disk-localization/dataset/Base13/Base13/20060523_49120_0100_PP.tif,20060523_49120_0100_PP.tif
/home/synrg/Documents/Sohrab/optic-disk-localization/dataset/Base13/Base13/20060523_49176_0100_PP.tif,20060523_49176_0100_PP.tif
/home/synrg/Documents/Sohrab/optic-disk-localization/dataset/Base13/Base13/20060523_49191_0100_PP.tif,20060523_49191_0100_PP.tif
/home/synrg/Documents/Sohrab/optic-disk-localization/dataset/Base13/Base13/20060523_49269_0100_PP.tif,20060523_49269_0100_PP.tif
/home/synrg/Documents/Sohrab/optic-disk-localization/dataset/Base13/Base13/20060523_49288_0100_PP.tif,20060523_49288_0100_PP.tif
/home/synrg/Documents/Sohrab/optic-disk-localization/dataset/Base13/Base13/20060523_49449_0100_PP.tif,20060523_49449_0100_PP.tif
/home/synrg/Documents/Sohrab/optic-disk-localization/dataset/Base13/Base13/20060523_49515_0100_PP.tif,20060523_49515_0100_PP.tif
/home/synrg/Documents/Sohrab/optic-disk-localization/dataset/Base13/Base13/20060523_49573_0100_PP.tif,20060523_49573_0100_PP.tif
/home/synrg/Documents/Sohrab/optic-disk-localization/dataset/Base13/Base13/20060523_49591_0100_PP.tif,20060523_49591_0100_PP.tif
/home/synrg/Documents/Sohrab/optic-disk-localization/dataset/Base13/Base13/20060523_49663_0100_PP.tif,20060523_49663_0100_PP.tif
/home/synrg/Documents/Sohrab/optic-disk-localization/dataset/Base13/Base13/20060523_49681_0100_PP.tif,20060523_49681_0100_PP.tif
/home/synrg/Documents/Sohrab/optic-disk-localization/dataset/Base13/Base13/20060523_49726_0100_PP.tif,20060523_49726_0100_PP.tif
/home/synrg/Documents/Sohrab/optic-disk-localization/dataset/Base13/Base13/20060523_49745_0100_PP.tif,20060523_49745_0100_PP.tif
/home/synrg/Documents/Sohrab/optic-disk-localization/dataset/Base13/Base13/20060523_49791_0100_PP.tif,20060523_49791_0100_PP.tif
/home/synrg/Documents/Sohrab/optic-disk-localization/dataset/Base13/Base13/20060523_49809_0100_PP.tif,20060523_49809_0100_PP.tif
/home/synrg/Documents/Sohrab/optic-disk-localization/dataset/Base13/Base13/20060523_49859_0100_PP.tif,20060523_49859_0100_PP.tif
/home/synrg/Documents/Sohrab/optic-disk-localization/dataset/Base13/Base13/20060523_49875_0100_PP.tif,20060523_49875_0100_PP.tif
/home/synrg/Documents/Sohrab/optic-disk-localization/dataset/Base13/Base13/20060523_49928_0100_PP.tif,20060523_49928_0100_PP.tif
/home/synrg/Documents/Sohrab/optic-disk-localization/dataset/Base13/Base13/20060523_49942_0100_PP.tif,20060523_49942_0100_PP.tif
/home/synrg/Documents/Sohrab/optic-disk-localization/dataset/Base14/20060523_50003_0100_PP.tif,20060523_50003_0100_PP.tif
/home/synrg/Documents/Sohrab/optic-disk-localization/dataset/Base14/20060523_50019_0100_PP.tif,20060523_50019_0100_PP.tif
/home/synrg/Documents/Sohrab/optic-disk-localization/dataset/Base14/20060523_50135_0100_PP.tif,20060523_50135_0100_PP.tif
/home/synrg/Documents/Sohrab/optic-disk-localization/dataset/Base14/20060523_50153_0100_PP.tif,20060523_50153_0100_PP.tif
/home/synrg/Documents/Sohrab/optic-disk-localization/dataset/Base14/20060523_50234_0100_PP.tif,20060523_50234_0100_PP.tif
/home/synrg/Documents/Sohrab/optic-disk-localization/dataset/Base14/20060523_50262_0100_PP.tif,20060523_50262_0100_PP.tif
/home/synrg/Documents/Sohrab/optic-disk-localization/dataset/Base14/20060523_50325_0100_PP.tif,20060523_50325_0100_PP.tif
/home/synrg/Documents/Sohrab/optic-disk-localization/dataset/Base14/20060523_50342_0100_PP.tif,20060523_50342_0100_PP.tif
/home/synrg/Documents/Sohrab/optic-disk-localization/dataset/Base14/20060523_50392_0100_PP.tif,20060523_50392_0100_PP.tif
/home/synrg/Documents/Sohrab/optic-disk-localization/dataset/Base14/20060523_50408_0100_PP.tif,20060523_50408_0100_PP.tif
/home/synrg/Documents/Sohrab/optic-disk-localization/dataset/Base14/20060523_50469_0100_PP.tif,20060523_50469_0100_PP.tif
/home/synrg/Documents/Sohrab/optic-disk-localization/dataset/Base14/20060523_50489_0100_PP.tif,20060523_50489_0100_PP.tif
/home/synrg/Documents/Sohrab/optic-disk-localization/dataset/Base14/20060523_50539_0100_PP.tif,20060523_50539_0100_PP.tif
/home/synrg/Documents/Sohrab/optic-disk-localization/dataset/Base14/20060523_50556_0100_PP.tif,20060523_50556_0100_PP.tif
/home/synrg/Documents/Sohrab/optic-disk-localization/dataset/Base14/20060523_50616_0100_PP.tif,20060523_50616_0100_PP.tif
/home/synrg/Documents/Sohrab/optic-disk-localization/dataset/Base14/20060523_50631_0100_PP.tif,20060523_50631_0100_PP.tif
/home/synrg/Documents/Sohrab/optic-disk-localization/dataset/Base14/20060523_50707_0100_PP.tif,20060523_50707_0100_PP.tif
/home/synrg/Documents/Sohrab/optic-disk-localization/dataset/Base14/20060523_50730_0100_PP.tif,20060523_50730_0100_PP.tif
/home/synrg/Documents/Sohrab/optic-disk-localization/dataset/Base14/20060523_50790_0100_PP.tif,20060523_50790_0100_PP.tif
/home/synrg/Documents/Sohrab/optic-disk-localization/dataset/Base14/20060523_50806_0100_PP.tif,20060523_50806_0100_PP.tif
/home/synrg/Documents/Sohrab/optic-disk-localization/dataset/Base14/20060529_56013_0100_PP.tif,20060529_56013_0100_PP.tif
/home/synrg/Documents/Sohrab/optic-disk-localization/dataset/Base14/20060529_56039_0100_PP.tif,20060529_56039_0100_PP.tif
/home/synrg/Documents/Sohrab/optic-disk-localization/dataset/Base14/20060529_56255_0100_PP.tif,20060529_56255_0100_PP.tif
/home/synrg/Documents/Sohrab/optic-disk-localization/dataset/Base14/20060529_56338_0100_PP.tif,20060529_56338_0100_PP.tif
/home/synrg/Documents/Sohrab/optic-disk-localization/dataset/Base14/20060529_56420_0100_PP.tif,20060529_56420_0100_PP.tif
/home/synrg/Documents/Sohrab/optic-disk-localization/dataset/Base14/20060529_56442_0100_PP.tif,20060529_56442_0100_PP.tif
/home/synrg/Documents/Sohrab/optic-disk-localization/dataset/Base14/20060529_56563_0100_PP.tif,20060529_56563_0100_PP.tif
/home/synrg/Documents/Sohrab/optic-disk-localization/dataset/Base14/20060529_56592_0100_PP.tif,20060529_56592_0100_PP.tif
/home/synrg/Documents/Sohrab/optic-disk-localization/dataset/Base14/20060529_56700_0100_PP.tif,20060529_56700_0100_PP.tif
/home/synrg/Documents/Sohrab/optic-disk-localization/dataset/Base14/20060529_56730_0100_PP.tif,20060529_56730_0100_PP.tif
/home/synrg/Documents/Sohrab/optic-disk-localization/dataset/Base14/20060529_56834_0100_PP.tif,20060529_56834_0100_PP.tif
/home/synrg/Documents/Sohrab/optic-disk-localization/dataset/Base14/20060529_56853_0100_PP.tif,20060529_56853_0100_PP.tif
/home/synrg/Documents/Sohrab/optic-disk-localization/dataset/Base14/20060529_56948_0100_PP.tif,20060529_56948_0100_PP.tif
/home/synrg/Documents/Sohrab/optic-disk-localization/dataset/Base14/20060529_56968_0100_PP.tif,20060529_56968_0100_PP.tif
/home/synrg/Documents/Sohrab/optic-disk-localization/dataset/Base14/20060529_57030_0100_PP.tif,20060529_57030_0100_PP.tif
/home/synrg/Documents/Sohrab/optic-disk-localization/dataset/Base14/20060529_57063_0100_PP.tif,20060529_57063_0100_PP.tif
/home/synrg/Documents/Sohrab/optic-disk-localization/dataset/Base14/20060529_57156_0100_PP.tif,20060529_57156_0100_PP.tif
/home/synrg/Documents/Sohrab/optic-disk-localization/dataset/Base14/20060529_57174_0100_PP.tif,20060529_57174_0100_PP.tif
/home/synrg/Documents/Sohrab/optic-disk-localization/dataset/Base14/20060529_57261_0100_PP.tif,20060529_57261_0100_PP.tif
/home/synrg/Documents/Sohrab/optic-disk-localization/dataset/Base14/20060529_57287_0100_PP.tif,20060529_57287_0100_PP.tif
/home/synrg/Documents/Sohrab/optic-disk-localization/dataset/Base14/20060529_57351_0100_PP.tif,20060529_57351_0100_PP.tif
/home/synrg/Documents/Sohrab/optic-disk-localization/dataset/Base14/20060529_57372_0100_PP.tif,20060529_57372_0100_PP.tif
/home/synrg/Documents/Sohrab/optic-disk-localization/dataset/Base14/20060529_57430_0100_PP.tif,20060529_57430_0100_PP.tif
/home/synrg/Documents/Sohrab/optic-disk-localization/dataset/Base14/20060529_57447_0100_PP.tif,20060529_57447_0100_PP.tif
/home/synrg/Documents/Sohrab/optic-disk-localization/dataset/Base14/20060530_36788_0100_PP.tif,20060530_36788_0100_PP.tif
/home/synrg/Documents/Sohrab/optic-disk-localization/dataset/Base14/20060530_36860_0100_PP.tif,20060530_36860_0100_PP.tif
/home/synrg/Documents/Sohrab/optic-disk-localization/dataset/Base14/20060530_36895_0100_PP.tif,20060530_36895_0100_PP.tif
/home/synrg/Documents/Sohrab/optic-disk-localization/dataset/Base14/20060530_51254_0100_PP.tif,20060530_51254_0100_PP.tif
/home/synrg/Documents/Sohrab/optic-disk-localization/dataset/Base14/20060530_51279_0100_PP.tif,20060530_51279_0100_PP.tif
/home/synrg/Documents/Sohrab/optic-disk-localization/dataset/Base14/20060530_51377_0100_PP.tif,20060530_51377_0100_PP.tif
/home/synrg/Documents/Sohrab/optic-disk-localization/dataset/Base14/20060530_51399_0100_PP.tif,20060530_51399_0100_PP.tif
/home/synrg/Documents/Sohrab/optic-disk-localization/dataset/Base14/20060530_52988_0100_PP.tif,20060530_52988_0100_PP.tif
/home/synrg/Documents/Sohrab/optic-disk-localization/dataset/Base14/20060530_53042_0100_PP.tif,20060530_53042_0100_PP.tif
/home/synrg/Documents/Sohrab/optic-disk-localization/dataset/Base14/20060530_53062_0100_PP.tif,20060530_53062_0100_PP.tif
/home/synrg/Documents/Sohrab/optic-disk-localization/dataset/Base14/20060530_53132_0100_PP.tif,20060530_53132_0100_PP.tif
/home/synrg/Documents/Sohrab/optic-disk-localization/dataset/Base14/20060530_53152_0100_PP.tif,20060530_53152_0100_PP.tif
/home/synrg/Documents/Sohrab/optic-disk-localization/dataset/Base14/20060530_53233_0100_PP.tif,20060530_53233_0100_PP.tif
/home/synrg/Documents/Sohrab/optic-disk-localization/dataset/Base14/20060530_53271_0100_PP.tif,20060530_53271_0100_PP.tif
/home/synrg/Documents/Sohrab/optic-disk-localization/dataset/Base14/20060530_53421_0100_PP.tif,20060530_53421_0100_PP.tif
/home/synrg/Documents/Sohrab/optic-disk-localization/dataset/Base14/20060530_53455_0100_PP.tif,20060530_53455_0100_PP.tif
/home/synrg/Documents/Sohrab/optic-disk-localization/dataset/Base14/20060530_53522_0100_PP.tif,20060530_53522_0100_PP.tif
/home/synrg/Documents/Sohrab/optic-disk-localization/dataset/Base14/20060530_53540_0100_PP.tif,20060530_53540_0100_PP.tif
/home/synrg/Documents/Sohrab/optic-disk-localization/dataset/Base14/20060530_53597_0100_PP.tif,20060530_53597_0100_PP.tif
/home/synrg/Documents/Sohrab/optic-disk-localization/dataset/Base14/20060530_53617_0100_PP.tif,20060530_53617_0100_PP.tif
/home/synrg/Documents/Sohrab/optic-disk-localization/dataset/Base14/20060530_53702_0100_PP.tif,20060530_53702_0100_PP.tif
/home/synrg/Documents/Sohrab/optic-disk-localization/dataset/Base14/20060530_53742_0100_PP.tif,20060530_53742_0100_PP.tif
/home/synrg/Documents/Sohrab/optic-disk-localization/dataset/Base14/20060530_53761_0100_PP.tif,20060530_53761_0100_PP.tif
/home/synrg/Documents/Sohrab/optic-disk-localization/dataset/Base14/20060530_53816_0100_PP.tif,20060530_53816_0100_PP.tif
/home/synrg/Documents/Sohrab/optic-disk-localization/dataset/Base14/20060530_53836_0100_PP.tif,20060530_53836_0100_PP.tif
/home/synrg/Documents/Sohrab/optic-disk-localization/dataset/Base14/20060530_53928_0100_PP.tif,20060530_53928_0100_PP.tif
/home/synrg/Documents/Sohrab/optic-disk-localization/dataset/Base14/20060530_53954_0100_PP.tif,20060530_53954_0100_PP.tif
/home/synrg/Documents/Sohrab/optic-disk-localization/dataset/Base14/20060530_54011_0100_PP.tif,20060530_54011_0100_PP.tif
/home/synrg/Documents/Sohrab/optic-disk-localization/dataset/Base14/20060530_54030_0100_PP.tif,20060530_54030_0100_PP.tif
/home/synrg/Documents/Sohrab/optic-disk-localization/dataset/Base14/20060530_54107_0100_PP.tif,20060530_54107_0100_PP.tif
/home/synrg/Documents/Sohrab/optic-disk-localization/dataset/Base14/20060530_54117_0100_PP.tif,20060530_54117_0100_PP.tif
/home/synrg/Documents/Sohrab/optic-disk-localization/dataset/Base14/20060530_54223_0100_PP.tif,20060530_54223_0100_PP.tif
/home/synrg/Documents/Sohrab/optic-disk-localization/dataset/Base14/20060530_54242_0100_PP.tif,20060530_54242_0100_PP.tif
/home/synrg/Documents/Sohrab/optic-disk-localization/dataset/Base14/20060530_54312_0100_PP.tif,20060530_54312_0100_PP.tif
/home/synrg/Documents/Sohrab/optic-disk-localization/dataset/Base14/20060530_54332_0100_PP.tif,20060530_54332_0100_PP.tif
/home/synrg/Documents/Sohrab/optic-disk-localization/dataset/Base14/20060530_54390_0100_PP.tif,20060530_54390_0100_PP.tif
/home/synrg/Documents/Sohrab/optic-disk-localization/dataset/Base14/20060530_54443_0100_PP.tif,20060530_54443_0100_PP.tif
/home/synrg/Documents/Sohrab/optic-disk-localization/dataset/Base14/20060530_54485_0100_PP.tif,20060530_54485_0100_PP.tif
/home/synrg/Documents/Sohrab/optic-disk-localization/dataset/Base14/20060530_54529_0100_PP.tif,20060530_54529_0100_PP.tif
/home/synrg/Documents/Sohrab/optic-disk-localization/dataset/Base14/20060530_54556_0100_PP.tif,20060530_54556_0100_PP.tif
/home/synrg/Documents/Sohrab/optic-disk-localization/dataset/Base14/20060530_54632_0100_PP.tif,20060530_54632_0100_PP.tif
/home/synrg/Documents/Sohrab/optic-disk-localization/dataset/Base14/20060530_54653_0100_PP.tif,20060530_54653_0100_PP.tif
/home/synrg/Documents/Sohrab/optic-disk-localization/dataset/Base14/20060530_54718_0100_PP.tif,20060530_54718_0100_PP.tif
/home/synrg/Documents/Sohrab/optic-disk-localization/dataset/Base14/20060530_55180_0100_PP.tif,20060530_55180_0100_PP.tif
/home/synrg/Documents/Sohrab/optic-disk-localization/dataset/Base14/20060530_55203_0100_PP.tif,20060530_55203_0100_PP.tif
/home/synrg/Documents/Sohrab/optic-disk-localization/dataset/Base14/20060530_55304_0100_PP.tif,20060530_55304_0100_PP.tif
/home/synrg/Documents/Sohrab/optic-disk-localization/dataset/Base14/20060530_55370_0100_PP.tif,20060530_55370_0100_PP.tif
/home/synrg/Documents/Sohrab/optic-disk-localization/dataset/Base14/20060530_55390_0100_PP.tif,20060530_55390_0100_PP.tif
/home/synrg/Documents/Sohrab/optic-disk-localization/dataset/Base14/20060530_55451_0100_PP.tif,20060530_55451_0100_PP.tif
/home/synrg/Documents/Sohrab/optic-disk-localization/dataset/Base14/20060530_55468_0100_PP.tif,20060530_55468_0100_PP.tif
/home/synrg/Documents/Sohrab/optic-disk-localization/dataset/Base14/20060530_55607_0100_PP.tif,20060530_55607_0100_PP.tif
/home/synrg/Documents/Sohrab/optic-disk-localization/dataset/Base14/20060530_55628_0100_PP.tif,20060530_55628_0100_PP.tif
/home/synrg/Documents/Sohrab/optic-disk-localization/dataset/Base14/20060530_55724_0100_PP.tif,20060530_55724_0100_PP.tif
/home/synrg/Documents/Sohrab/optic-disk-localization/dataset/Base14/20060530_55746_0100_PP.tif,20060530_55746_0100_PP.tif
/home/synrg/Documents/Sohrab/optic-disk-localization/dataset/Base14/20060530_55816_0100_PP.tif,20060530_55816_0100_PP.tif
/home/synrg/Documents/Sohrab/optic-disk-localization/dataset/Base14/20060530_55837_0100_PP.tif,20060530_55837_0100_PP.tif
